participant_id,glycemic_group,fold
2,healthy,3
3,T2D,4
4,healthy,3
5,T2D,3
6,healthy,1
7,prediabetes,3
8,prediabetes,1
9,prediabetes,3
10,prediabetes,4
11,prediabetes,1
12,T2D,0
13,prediabetes,3
14,T2D,2
15,healthy,0
16,prediabetes,1
17,healthy,2
18,healthy,4
19,healthy,0
20,prediabetes,0
21,healthy,4
22,prediabetes,0
23,prediabetes,2
26,prediabetes,2
27,healthy,1
28,T2D,3
29,prediabetes,4
30,T2D,1
31,healthy,1
32,healthy,4
33,healthy,2
34,healthy,2
35,T2D,2
36,T2D,3
38,T2D,0
39,T2D,4
41,prediabetes,0
42,T2D,1
43,prediabetes,3
44,prediabetes,4
45,prediabetes,2
46,T2D,2
47,T2D,1
48,healthy,0
49,T2D,0
